{
  "Mean baseline": {
    "rmse": 162.73516471890972,
    "mae": 147.33976080022356,
    "max_err": 342.81226682949176,
    "r2": -0.00035325741398151145,
    "mape": 20.30806249517386
  },
  "Schedule": {
    "rmse": 37.36224680143463,
    "mae": 25.246018900110506,
    "max_err": 516.7013684210527,
    "r2": 0.9472701489219116,
    "mape": 3.5089739508908995
  },
  "Physics-only": {
    "rmse": 90.63255044180875,
    "mae": 72.47624608555186,
    "max_err": 413.79674215289344,
    "r2": 0.6897162884161425,
    "mape": 10.36443529891021
  },
  "NN-only": {
    "rmse": 33.796711378515155,
    "mae": 19.764255949822022,
    "max_err": 749.23605078125,
    "r2": 0.9568541071346495,
    "mape": 2.742630657933616
  },
  "Hybrid (ours)": {
    "rmse": 27.95210113013436,
    "mae": 16.807435255075585,
    "max_err": 541.6536299702763,
    "r2": 0.9704865830886459,
    "mape": 2.3605163335378907
  }
}