{
  "R_wall": 0.0001215362177929023,
  "R_win": 0.0002430724355858046,
  "R_int": 6.076810889645115e-05,
  "C_wall": 164560000.0,
  "C_int": 65824000.0
}